"No.","Time","Source","Destination","Protocol","Length","Info"
"1968","10.008459","74.125.250.130","10.200.16.119","TCP","1100","443  >  53435 [PSH, ACK] Seq=1071410 Ack=10004 Win=434 Len=1046 [TCP segment of a reassembled PDU]"
"1969","10.031168","74.125.250.130","10.200.16.119","TCP","1146","443  >  53435 [PSH, ACK] Seq=1072456 Ack=10004 Win=434 Len=1092 [TCP segment of a reassembled PDU]"
"1971","10.034757","74.125.250.130","10.200.16.119","TCP","1146","443  >  53435 [PSH, ACK] Seq=1073548 Ack=10004 Win=434 Len=1092 [TCP segment of a reassembled PDU]"
"1972","10.041729","74.125.250.130","10.200.16.119","TCP","1466","443  >  53435 [PSH, ACK] Seq=1074640 Ack=10004 Win=434 Len=1412 [TCP segment of a reassembled PDU]"
"1975","10.041729","74.125.250.130","10.200.16.119","TCP","1145","443  >  53435 [PSH, ACK] Seq=1076827 Ack=10004 Win=434 Len=1091 [TCP segment of a reassembled PDU]"
"1977","10.045451","74.125.250.130","10.200.16.119","TCP","1147","443  >  53435 [PSH, ACK] Seq=1077918 Ack=10004 Win=434 Len=1093 [TCP segment of a reassembled PDU]"
"1980","10.085220","74.125.250.130","10.200.16.119","TCP","1147","443  >  53435 [PSH, ACK] Seq=1079011 Ack=10062 Win=434 Len=1093 [TCP segment of a reassembled PDU]"
"1981","10.091146","74.125.250.130","10.200.16.119","TCP","1211","443  >  53435 [PSH, ACK] Seq=1080104 Ack=10062 Win=434 Len=1157 [TCP segment of a reassembled PDU]"
"1983","10.095870","74.125.250.130","10.200.16.119","TCP","1212","443  >  53435 [PSH, ACK] Seq=1081261 Ack=10062 Win=434 Len=1158 [TCP segment of a reassembled PDU]"
"1986","10.150126","74.125.250.130","10.200.16.119","TCP","1210","443  >  53435 [PSH, ACK] Seq=1082421 Ack=10112 Win=434 Len=1156 [TCP segment of a reassembled PDU]"
"1988","10.165813","74.125.250.130","10.200.16.119","TCP","1212","443  >  53435 [PSH, ACK] Seq=1083577 Ack=10112 Win=434 Len=1158 [TCP segment of a reassembled PDU]"
"1989","10.175599","74.125.250.130","10.200.16.119","TCP","1109","443  >  53435 [PSH, ACK] Seq=1084735 Ack=10112 Win=434 Len=1055 [TCP segment of a reassembled PDU]"
"1992","10.180287","74.125.250.130","10.200.16.119","TCP","1466","443  >  53435 [PSH, ACK] Seq=1085792 Ack=10112 Win=434 Len=1412 [TCP segment of a reassembled PDU]"
"1996","10.190762","74.125.250.130","10.200.16.119","TCP","1110","443  >  53435 [PSH, ACK] Seq=1087901 Ack=10162 Win=434 Len=1056 [TCP segment of a reassembled PDU]"
"1998","10.195006","74.125.250.130","10.200.16.119","TCP","1466","443  >  53435 [PSH, ACK] Seq=1088959 Ack=10162 Win=434 Len=1412 [TCP segment of a reassembled PDU]"
"2002","10.215054","74.125.250.130","10.200.16.119","TCP","1110","443  >  53435 [PSH, ACK] Seq=1091171 Ack=10162 Win=434 Len=1056 [TCP segment of a reassembled PDU]"
"2004","10.221275","74.125.250.130","10.200.16.119","TCP","1514","443  >  53435 [ACK] Seq=1092227 Ack=10162 Win=434 Len=1460 [TCP segment of a reassembled PDU]"
"2005","10.221275","74.125.250.130","10.200.16.119","TCP","1418","443  >  53435 [PSH, ACK] Seq=1093687 Ack=10162 Win=434 Len=1364 [TCP segment of a reassembled PDU]"
"2008","10.236128","74.125.250.130","10.200.16.119","TCP","1097","443  >  53435 [PSH, ACK] Seq=1095154 Ack=10162 Win=434 Len=1043 [TCP segment of a reassembled PDU]"
"2013","10.250783","74.125.250.130","10.200.16.119","TCP","1264","443  >  53435 [PSH, ACK] Seq=1096391 Ack=10162 Win=434 Len=1210 [TCP segment of a reassembled PDU]"
"2017","10.254439","74.125.250.130","10.200.16.119","TCP","1246","443  >  53435 [PSH, ACK] Seq=1097603 Ack=10290 Win=434 Len=1192 [TCP segment of a reassembled PDU]"
"2020","10.260513","74.125.250.130","10.200.16.119","TCP","1466","443  >  53435 [PSH, ACK] Seq=1098797 Ack=10290 Win=434 Len=1412 [TCP segment of a reassembled PDU]"
"2021","10.260513","74.125.250.130","10.200.16.119","SSLv2","1030","Encrypted Data"
"2023","10.261176","74.125.250.130","10.200.16.119","TCP","1247","443  >  53435 [PSH, ACK] Seq=1101185 Ack=10290 Win=434 Len=1193 [TCP segment of a reassembled PDU]"
"2025","10.316647","74.125.250.130","10.200.16.119","TCP","1252","443  >  53435 [PSH, ACK] Seq=1102378 Ack=10340 Win=434 Len=1198 [TCP segment of a reassembled PDU]"
"2026","10.329233","74.125.250.130","10.200.16.119","TCP","1466","443  >  53435 [PSH, ACK] Seq=1103576 Ack=10340 Win=434 Len=1412 [TCP segment of a reassembled PDU]"
"2027","10.329233","74.125.250.130","10.200.16.119","TCP","1040","443  >  53435 [PSH, ACK] Seq=1104988 Ack=10340 Win=434 Len=986 [TCP segment of a reassembled PDU]"
"2028","10.329233","74.125.250.130","10.200.16.119","TCP","1253","443  >  53435 [PSH, ACK] Seq=1105974 Ack=10340 Win=434 Len=1199 [TCP segment of a reassembled PDU]"
"2030","10.329936","74.125.250.130","10.200.16.119","TCP","1253","443  >  53435 [PSH, ACK] Seq=1107173 Ack=10340 Win=434 Len=1199 [TCP segment of a reassembled PDU]"
"2031","10.355258","74.125.250.130","10.200.16.119","TCP","1131","443  >  53435 [PSH, ACK] Seq=1108372 Ack=10340 Win=434 Len=1077 [TCP segment of a reassembled PDU]"
"2033","10.363465","74.125.250.130","10.200.16.119","TCP","1131","443  >  53435 [PSH, ACK] Seq=1109449 Ack=10340 Win=434 Len=1077 [TCP segment of a reassembled PDU]"
"2034","10.363465","74.125.250.130","10.200.16.119","TCP","1132","443  >  53435 [PSH, ACK] Seq=1110526 Ack=10340 Win=434 Len=1078 [TCP segment of a reassembled PDU]"
"2037","10.375396","74.125.250.130","10.200.16.119","TCP","1466","443  >  53435 [PSH, ACK] Seq=1111604 Ack=10340 Win=434 Len=1412 [TCP segment of a reassembled PDU]"
"2040","10.375396","74.125.250.130","10.200.16.119","TCP","1130","443  >  53435 [PSH, ACK] Seq=1113762 Ack=10340 Win=434 Len=1076 [TCP segment of a reassembled PDU]"
"2042","10.401567","74.125.250.130","10.200.16.119","TCP","1132","443  >  53435 [PSH, ACK] Seq=1114838 Ack=10394 Win=434 Len=1078 [TCP segment of a reassembled PDU]"
"2043","10.417690","74.125.250.130","10.200.16.119","SSLv2","1191","Encrypted Data"
"2045","10.420502","74.125.250.130","10.200.16.119","TCP","1191","443  >  53435 [PSH, ACK] Seq=1117053 Ack=10394 Win=434 Len=1137 [TCP segment of a reassembled PDU]"
"2047","10.442275","74.125.250.130","10.200.16.119","TCP","1192","443  >  53435 [PSH, ACK] Seq=1118190 Ack=10394 Win=434 Len=1138 [TCP segment of a reassembled PDU]"
"2048","10.442275","74.125.250.130","10.200.16.119","TCP","1192","443  >  53435 [PSH, ACK] Seq=1119328 Ack=10444 Win=434 Len=1138 [TCP segment of a reassembled PDU]"
"2050","10.484632","74.125.250.130","10.200.16.119","TCP","1228","443  >  53435 [PSH, ACK] Seq=1120466 Ack=10444 Win=434 Len=1174 [TCP segment of a reassembled PDU]"
"2052","10.498066","74.125.250.130","10.200.16.119","SSLv2","1226","Encrypted Data"
"2055","10.500959","74.125.250.130","10.200.16.119","SSLv2","1514","Encrypted Data"
"2058","10.509958","74.125.250.130","10.200.16.119","TCP","1228","443  >  53435 [PSH, ACK] Seq=1125162 Ack=10494 Win=434 Len=1174 [TCP segment of a reassembled PDU]"
"2059","10.515277","74.125.250.130","10.200.16.119","TCP","1229","443  >  53435 [PSH, ACK] Seq=1126336 Ack=10494 Win=434 Len=1175 [TCP segment of a reassembled PDU]"
"2061","10.536175","74.125.250.130","10.200.16.119","TCP","1229","443  >  53435 [PSH, ACK] Seq=1127511 Ack=10494 Win=434 Len=1175 [TCP segment of a reassembled PDU]"
"2062","10.540856","74.125.250.130","10.200.16.119","TCP","1466","443  >  53435 [PSH, ACK] Seq=1128686 Ack=10494 Win=434 Len=1412 [TCP segment of a reassembled PDU]"
"2063","10.540856","74.125.250.130","10.200.16.119","TCP","1466","443  >  53435 [PSH, ACK] Seq=1130098 Ack=10494 Win=434 Len=1412 [TCP segment of a reassembled PDU]"
"2066","10.551301","74.125.250.130","10.200.16.119","TCP","1051","443  >  53435 [PSH, ACK] Seq=1131674 Ack=10494 Win=434 Len=997 [TCP segment of a reassembled PDU]"
"2068","10.595554","74.125.250.130","10.200.16.119","TCP","1132","443  >  53435 [PSH, ACK] Seq=1132671 Ack=10548 Win=434 Len=1078 [TCP segment of a reassembled PDU]"
"2069","10.601233","74.125.250.130","10.200.16.119","TCP","1132","443  >  53435 [PSH, ACK] Seq=1133749 Ack=10548 Win=434 Len=1078 [TCP segment of a reassembled PDU]"
"2071","10.604631","74.125.250.130","10.200.16.119","TCP","1134","443  >  53435 [PSH, ACK] Seq=1134827 Ack=10548 Win=434 Len=1080 [TCP segment of a reassembled PDU]"
"2072","10.604663","74.125.250.130","10.200.16.119","SSLv2","1466","Encrypted Data"
"2075","10.612797","74.125.250.130","10.200.16.119","TCP","1133","443  >  53435 [PSH, ACK] Seq=1138062 Ack=10548 Win=434 Len=1079 [TCP segment of a reassembled PDU]"
"2080","10.656996","74.125.250.130","10.200.16.119","TCP","1120","443  >  53435 [PSH, ACK] Seq=1139278 Ack=10602 Win=434 Len=1066 [TCP segment of a reassembled PDU]"
"2082","10.661376","74.125.250.130","10.200.16.119","TCP","1121","443  >  53435 [PSH, ACK] Seq=1140344 Ack=10602 Win=434 Len=1067 [TCP segment of a reassembled PDU]"
"2084","10.670531","74.125.250.130","10.200.16.119","TCP","1119","443  >  53435 [PSH, ACK] Seq=1141413 Ack=10602 Win=434 Len=1065 [TCP segment of a reassembled PDU]"
"2086","10.676783","74.125.250.130","10.200.16.119","TCP","1121","443  >  53435 [PSH, ACK] Seq=1142478 Ack=10602 Win=434 Len=1067 [TCP segment of a reassembled PDU]"
"2087","10.676783","74.125.250.130","10.200.16.119","TCP","1121","443  >  53435 [PSH, ACK] Seq=1143545 Ack=10602 Win=434 Len=1067 [TCP segment of a reassembled PDU]"
"2090","10.690482","74.125.250.130","10.200.16.119","TCP","1081","443  >  53435 [PSH, ACK] Seq=1144612 Ack=10652 Win=434 Len=1027 [TCP segment of a reassembled PDU]"
"2091","10.692139","74.125.250.130","10.200.16.119","TCP","1097","443  >  53435 [PSH, ACK] Seq=1145639 Ack=10652 Win=434 Len=1043 [TCP segment of a reassembled PDU]"
"2093","10.702293","74.125.250.130","10.200.16.119","TCP","1098","443  >  53435 [PSH, ACK] Seq=1146682 Ack=10652 Win=434 Len=1044 [TCP segment of a reassembled PDU]"
"2094","10.710144","74.125.250.130","10.200.16.119","TCP","1514","443  >  53435 [ACK] Seq=1147726 Ack=10652 Win=434 Len=1460 [TCP segment of a reassembled PDU]"
"2095","10.710144","74.125.250.130","10.200.16.119","TCP","1514","443  >  53435 [ACK] Seq=1149186 Ack=10652 Win=434 Len=1460 [TCP segment of a reassembled PDU]"
"2104","10.763714","74.125.250.130","10.200.16.119","TCP","1063","443  >  53435 [PSH, ACK] Seq=1150858 Ack=10818 Win=434 Len=1009 [TCP segment of a reassembled PDU]"
"2105","10.769206","74.125.250.130","10.200.16.119","SSLv2","1466","Encrypted Data"
"2106","10.769206","74.125.250.130","10.200.16.119","TCP","1514","443  >  53435 [ACK] Seq=1153279 Ack=10818 Win=434 Len=1460 [TCP segment of a reassembled PDU]"
"2111","10.815758","74.125.250.130","10.200.16.119","TCP","1093","443  >  53435 [PSH, ACK] Seq=1154897 Ack=10868 Win=434 Len=1039 [TCP segment of a reassembled PDU]"
"2112","10.820901","74.125.250.130","10.200.16.119","TCP","1466","443  >  53435 [PSH, ACK] Seq=1155936 Ack=10868 Win=434 Len=1412 [TCP segment of a reassembled PDU]"
"2115","10.835585","74.125.250.130","10.200.16.119","TCP","1093","443  >  53435 [PSH, ACK] Seq=1158014 Ack=10868 Win=434 Len=1039 [TCP segment of a reassembled PDU]"
"2118","10.837106","74.125.250.130","10.200.16.119","TCP","1514","443  >  53435 [ACK] Seq=1159055 Ack=10868 Win=434 Len=1460 [TCP segment of a reassembled PDU]"
"2130","10.872015","74.125.250.130","10.200.16.119","TCP","1222","443  >  53435 [PSH, ACK] Seq=1161133 Ack=13385 Win=476 Len=1168 [TCP segment of a reassembled PDU]"
"2134","10.875177","74.125.250.130","10.200.16.119","TCP","1224","443  >  53435 [PSH, ACK] Seq=1162301 Ack=15578 Win=510 Len=1170 [TCP segment of a reassembled PDU]"
"2136","10.879549","74.125.250.130","10.200.16.119","TCP","1466","443  >  53435 [PSH, ACK] Seq=1163471 Ack=15578 Win=510 Len=1412 [TCP segment of a reassembled PDU]"
"2163","10.915406","74.125.250.130","10.200.16.119","TCP","1247","443  >  53435 [PSH, ACK] Seq=1165933 Ack=24163 Win=761 Len=1193 [TCP segment of a reassembled PDU]"
"2169","10.921547","74.125.250.130","10.200.16.119","TCP","1229","443  >  53435 [PSH, ACK] Seq=1167128 Ack=25054 Win=812 Len=1175 [TCP segment of a reassembled PDU]"
"2172","10.924822","74.125.250.130","10.200.16.119","TCP","1232","443  >  53435 [PSH, ACK] Seq=1168303 Ack=26128 Win=828 Len=1178 [TCP segment of a reassembled PDU]"
"2175","10.929612","74.125.250.130","10.200.16.119","TCP","1466","443  >  53435 [PSH, ACK] Seq=1169481 Ack=27202 Win=845 Len=1412 [TCP segment of a reassembled PDU]"
"2182","10.935489","74.125.250.130","10.200.16.119","TCP","1232","443  >  53435 [PSH, ACK] Seq=1171837 Ack=28848 Win=896 Len=1178 [TCP segment of a reassembled PDU]"
"2201","10.996376","74.125.250.130","10.200.16.119","TCP","1131","443  >  53435 [PSH, ACK] Seq=1173099 Ack=32128 Win=1063 Len=1077 [TCP segment of a reassembled PDU]"
"2204","11.001338","74.125.250.130","10.200.16.119","TCP","1133","443  >  53435 [PSH, ACK] Seq=1174176 Ack=32128 Win=1063 Len=1079 [TCP segment of a reassembled PDU]"
"2207","11.005845","74.125.250.130","10.200.16.119","TCP","1466","443  >  53435 [PSH, ACK] Seq=1175329 Ack=32174 Win=1063 Len=1412 [TCP segment of a reassembled PDU]"
"2208","11.005845","74.125.250.130","10.200.16.119","TCP","1466","443  >  53435 [PSH, ACK] Seq=1176741 Ack=32174 Win=1063 Len=1412 [TCP segment of a reassembled PDU]"
"2213","11.021574","74.125.250.130","10.200.16.119","TCP","1168","443  >  53435 [PSH, ACK] Seq=1178611 Ack=32868 Win=1080 Len=1114 [TCP segment of a reassembled PDU]"
"2216","11.031132","74.125.250.130","10.200.16.119","TCP","1167","443  >  53435 [PSH, ACK] Seq=1179727 Ack=32868 Win=1080 Len=1113 [TCP segment of a reassembled PDU]"
"2218","11.036427","74.125.250.130","10.200.16.119","TCP","1169","443  >  53435 [PSH, ACK] Seq=1180840 Ack=32868 Win=1080 Len=1115 [TCP segment of a reassembled PDU]"
"2220","11.041528","74.125.250.130","10.200.16.119","SSLv2","1167","Encrypted Data"
"2224","11.046751","74.125.250.130","10.200.16.119","TCP","1466","443  >  53435 [PSH, ACK] Seq=1183070 Ack=32868 Win=1080 Len=1412 [TCP segment of a reassembled PDU]"
"2232","11.076032","74.125.250.130","10.200.16.119","TCP","1277","443  >  53435 [PSH, ACK] Seq=1185492 Ack=35412 Win=1119 Len=1223 [TCP segment of a reassembled PDU]"
"2233","11.086078","74.125.250.130","10.200.16.119","TCP","1132","443  >  53435 [PSH, ACK] Seq=1186715 Ack=35412 Win=1119 Len=1078 [TCP segment of a reassembled PDU]"
"2235","11.092976","74.125.250.130","10.200.16.119","SSLv2","1466","Encrypted Data"
"2238","11.096084","74.125.250.130","10.200.16.119","TCP","1133","443  >  53435 [PSH, ACK] Seq=1189951 Ack=35412 Win=1119 Len=1079 [TCP segment of a reassembled PDU]"
"2254","11.154231","74.125.250.130","10.200.16.119","TCP","1151","443  >  53435 [PSH, ACK] Seq=1191698 Ack=39029 Win=1179 Len=1097 [TCP segment of a reassembled PDU]"
"2257","11.159491","74.125.250.130","10.200.16.119","TCP","1514","443  >  53435 [ACK] Seq=1192797 Ack=39029 Win=1179 Len=1460 [TCP segment of a reassembled PDU]"
"2260","11.160328","74.125.250.130","10.200.16.119","TCP","1152","443  >  53435 [PSH, ACK] Seq=1194990 Ack=39029 Win=1179 Len=1098 [TCP segment of a reassembled PDU]"
"2261","11.165261","74.125.250.130","10.200.16.119","TCP","1514","443  >  53435 [ACK] Seq=1196088 Ack=39029 Win=1179 Len=1460 [TCP segment of a reassembled PDU]"
"2268","11.200433","74.125.250.130","10.200.16.119","TCP","1220","443  >  53435 [PSH, ACK] Seq=1198419 Ack=41147 Win=1212 Len=1166 [TCP segment of a reassembled PDU]"
"2280","11.217386","74.125.250.130","10.200.16.119","TCP","1221","443  >  53435 [PSH, ACK] Seq=1199935 Ack=41147 Win=1212 Len=1167 [TCP segment of a reassembled PDU]"
"2297","11.261387","74.125.250.130","10.200.16.119","TCP","1183","443  >  53435 [PSH, ACK] Seq=1201708 Ack=46259 Win=1294 Len=1129 [TCP segment of a reassembled PDU]"
"2300","11.264435","74.125.250.130","10.200.16.119","TCP","1183","443  >  53435 [PSH, ACK] Seq=1202837 Ack=46259 Win=1294 Len=1129 [TCP segment of a reassembled PDU]"
"2304","11.274653","74.125.250.130","10.200.16.119","TCP","1183","443  >  53435 [PSH, ACK] Seq=1203966 Ack=47971 Win=1325 Len=1129 [TCP segment of a reassembled PDU]"
"2305","11.285638","74.125.250.130","10.200.16.119","SSLv2","1184","Encrypted Data"
"2307","11.290682","74.125.250.130","10.200.16.119","SSLv2","1184","Encrypted Data"
"2308","11.294773","74.125.250.130","10.200.16.119","TCP","1184","443  >  53435 [PSH, ACK] Seq=1207355 Ack=47971 Win=1325 Len=1130 [TCP segment of a reassembled PDU]"
"2319","11.324351","74.125.250.130","10.200.16.119","TCP","1108","443  >  53435 [PSH, ACK] Seq=1208987 Ack=51139 Win=1374 Len=1054 [TCP segment of a reassembled PDU]"
"2322","11.326648","74.125.250.130","10.200.16.119","TCP","1106","443  >  53435 [PSH, ACK] Seq=1210043 Ack=51139 Win=1374 Len=1052 [TCP segment of a reassembled PDU]"
"2325","11.330703","74.125.250.130","10.200.16.119","TCP","1106","443  >  53435 [PSH, ACK] Seq=1211097 Ack=51193 Win=1374 Len=1052 [TCP segment of a reassembled PDU]"
"2327","11.333341","74.125.250.130","10.200.16.119","TCP","1108","443  >  53435 [PSH, ACK] Seq=1212149 Ack=51193 Win=1374 Len=1054 [TCP segment of a reassembled PDU]"
"2328","11.334015","74.125.250.130","10.200.16.119","TCP","1109","443  >  53435 [PSH, ACK] Seq=1213203 Ack=51193 Win=1374 Len=1055 [TCP segment of a reassembled PDU]"
"2335","11.366773","74.125.250.130","10.200.16.119","TCP","1256","443  >  53435 [PSH, ACK] Seq=1214615 Ack=52014 Win=1391 Len=1202 [TCP segment of a reassembled PDU]"
"2336","11.372726","74.125.250.130","10.200.16.119","TCP","1257","443  >  53435 [PSH, ACK] Seq=1215817 Ack=52014 Win=1391 Len=1203 [TCP segment of a reassembled PDU]"
"2340","11.375499","74.125.250.130","10.200.16.119","TCP","1257","443  >  53435 [PSH, ACK] Seq=1217020 Ack=52014 Win=1391 Len=1203 [TCP segment of a reassembled PDU]"
"2342","11.380181","74.125.250.130","10.200.16.119","TCP","1257","443  >  53435 [PSH, ACK] Seq=1218223 Ack=54100 Win=1424 Len=1203 [TCP segment of a reassembled PDU]"
"2345","11.391282","74.125.250.130","10.200.16.119","TCP","1388","443  >  53435 [PSH, ACK] Seq=1219426 Ack=54100 Win=1424 Len=1334 [TCP segment of a reassembled PDU]"
"2355","11.431687","74.125.250.130","10.200.16.119","TCP","1244","443  >  53435 [PSH, ACK] Seq=1221091 Ack=55692 Win=1452 Len=1190 [TCP segment of a reassembled PDU]"
"2357","11.436256","74.125.250.130","10.200.16.119","TCP","1242","443  >  53435 [PSH, ACK] Seq=1222283 Ack=55692 Win=1452 Len=1188 [TCP segment of a reassembled PDU]"
"2365","11.442814","74.125.250.130","10.200.16.119","TCP","1514","443  >  53435 [ACK] Seq=1223471 Ack=55692 Win=1452 Len=1460 [TCP segment of a reassembled PDU]"
"2366","11.442814","74.125.250.130","10.200.16.119","TCP","1196","443  >  53435 [PSH, ACK] Seq=1224931 Ack=55692 Win=1452 Len=1142 [TCP segment of a reassembled PDU]"
"2375","11.481134","74.125.250.130","10.200.16.119","TCP","1220","443  >  53435 [PSH, ACK] Seq=1226241 Ack=62857 Win=1519 Len=1166 [TCP segment of a reassembled PDU]"
"2377","11.488407","74.125.250.130","10.200.16.119","TCP","1204","443  >  53435 [PSH, ACK] Seq=1227407 Ack=62857 Win=1519 Len=1150 [TCP segment of a reassembled PDU]"
"2378","11.490506","74.125.250.130","10.200.16.119","TCP","1514","443  >  53435 [ACK] Seq=1228557 Ack=62857 Win=1519 Len=1460 [TCP segment of a reassembled PDU]"
"2382","11.495984","74.125.250.130","10.200.16.119","TCP","1202","443  >  53435 [PSH, ACK] Seq=1230859 Ack=62857 Win=1519 Len=1148 [TCP segment of a reassembled PDU]"
"2391","11.500877","74.125.250.130","10.200.16.119","TCP","1205","443  >  53435 [PSH, ACK] Seq=1232271 Ack=62857 Win=1519 Len=1151 [TCP segment of a reassembled PDU]"
"2404","11.534779","74.125.250.130","10.200.16.119","TCP","1203","443  >  53435 [PSH, ACK] Seq=1233629 Ack=66322 Win=1587 Len=1149 [TCP segment of a reassembled PDU]"
"2407","11.541420","74.125.250.130","10.200.16.119","TCP","1514","443  >  53435 [ACK] Seq=1234778 Ack=67685 Win=1623 Len=1460 [TCP segment of a reassembled PDU]"
"2410","11.550338","74.125.250.130","10.200.16.119","TCP","1257","443  >  53435 [PSH, ACK] Seq=1237183 Ack=67685 Win=1623 Len=1203 [TCP segment of a reassembled PDU]"
"2420","11.595503","74.125.250.130","10.200.16.119","TCP","1190","443  >  53435 [PSH, ACK] Seq=1238717 Ack=70299 Win=1641 Len=1136 [TCP segment of a reassembled PDU]"
"2423","11.599413","74.125.250.130","10.200.16.119","TCP","1190","443  >  53435 [PSH, ACK] Seq=1239853 Ack=70299 Win=1641 Len=1136 [TCP segment of a reassembled PDU]"
"2428","11.606113","74.125.250.130","10.200.16.119","TCP","1190","443  >  53435 [PSH, ACK] Seq=1241059 Ack=72538 Win=1641 Len=1136 [TCP segment of a reassembled PDU]"
"2431","11.613356","74.125.250.130","10.200.16.119","TCP","1466","443  >  53435 [PSH, ACK] Seq=1242474 Ack=72538 Win=1641 Len=1412 [TCP segment of a reassembled PDU]"
"2442","11.671570","74.125.250.130","10.200.16.119","TCP","1183","443  >  53435 [PSH, ACK] Seq=1245086 Ack=74700 Win=1641 Len=1129 [TCP segment of a reassembled PDU]"
"2444","11.675572","74.125.250.130","10.200.16.119","TCP","1466","443  >  53435 [PSH, ACK] Seq=1246217 Ack=74700 Win=1641 Len=1412 [TCP segment of a reassembled PDU]"
"2447","11.676277","74.125.250.130","10.200.16.119","SSLv2","1183","Encrypted Data"
"2448","11.679756","74.125.250.130","10.200.16.119","TCP","1183","443  >  53435 [PSH, ACK] Seq=1249602 Ack=74700 Win=1641 Len=1129 [TCP segment of a reassembled PDU]"
"2454","11.685927","74.125.250.130","10.200.16.119","TCP","1183","443  >  53435 [PSH, ACK] Seq=1251011 Ack=76614 Win=1641 Len=1129 [TCP segment of a reassembled PDU]"
"2464","11.717167","74.125.250.130","10.200.16.119","TCP","1240","443  >  53435 [PSH, ACK] Seq=1252333 Ack=79075 Win=1641 Len=1186 [TCP segment of a reassembled PDU]"
"2466","11.720763","74.125.250.130","10.200.16.119","TCP","1257","443  >  53435 [PSH, ACK] Seq=1253519 Ack=79075 Win=1641 Len=1203 [TCP segment of a reassembled PDU]"
"2468","11.724324","74.125.250.130","10.200.16.119","TCP","1466","443  >  53435 [PSH, ACK] Seq=1254722 Ack=79075 Win=1641 Len=1412 [TCP segment of a reassembled PDU]"
"2469","11.724324","74.125.250.130","10.200.16.119","TCP","1048","443  >  53435 [PSH, ACK] Seq=1256134 Ack=79075 Win=1641 Len=994 [TCP segment of a reassembled PDU]"
"2471","11.725046","74.125.250.130","10.200.16.119","TCP","1257","443  >  53435 [PSH, ACK] Seq=1257128 Ack=79075 Win=1641 Len=1203 [TCP segment of a reassembled PDU]"
"2472","11.733840","74.125.250.130","10.200.16.119","TCP","1257","443  >  53435 [PSH, ACK] Seq=1258331 Ack=79075 Win=1641 Len=1203 [TCP segment of a reassembled PDU]"
"2484","11.781480","74.125.250.130","10.200.16.119","SSLv2","1257","Encrypted Data"
"2485","11.788094","74.125.250.130","10.200.16.119","TCP","1094","443  >  53435 [PSH, ACK] Seq=1261040 Ack=82680 Win=1641 Len=1040 [TCP segment of a reassembled PDU]"
"2488","11.790211","74.125.250.130","10.200.16.119","TCP","1514","443  >  53435 [ACK] Seq=1262082 Ack=82680 Win=1641 Len=1460 [TCP segment of a reassembled PDU]"
"2489","11.790211","74.125.250.130","10.200.16.119","TCP","1418","443  >  53435 [PSH, ACK] Seq=1263542 Ack=82680 Win=1641 Len=1364 [TCP segment of a reassembled PDU]"
"2492","11.800699","74.125.250.130","10.200.16.119","TCP","1286","443  >  53435 [PSH, ACK] Seq=1265203 Ack=82680 Win=1641 Len=1232 [TCP segment of a reassembled PDU]"
"2504","11.835372","74.125.250.130","10.200.16.119","TCP","1186","443  >  53435 [PSH, ACK] Seq=1266608 Ack=85754 Win=1641 Len=1132 [TCP segment of a reassembled PDU]"
"2507","11.837413","74.125.250.130","10.200.16.119","TCP","1184","443  >  53435 [PSH, ACK] Seq=1267742 Ack=85754 Win=1641 Len=1130 [TCP segment of a reassembled PDU]"
"2508","11.839521","74.125.250.130","10.200.16.119","TCP","1186","443  >  53435 [PSH, ACK] Seq=1268872 Ack=85754 Win=1641 Len=1132 [TCP segment of a reassembled PDU]"
"2514","11.845243","74.125.250.130","10.200.16.119","TCP","1186","443  >  53435 [PSH, ACK] Seq=1270004 Ack=87296 Win=1641 Len=1132 [TCP segment of a reassembled PDU]"
"2516","11.845243","74.125.250.130","10.200.16.119","TCP","1466","443  >  53435 [PSH, ACK] Seq=1271138 Ack=87296 Win=1641 Len=1412 [TCP segment of a reassembled PDU]"
"2518","11.848172","74.125.250.130","10.200.16.119","TCP","1166","443  >  53435 [PSH, ACK] Seq=1272550 Ack=87296 Win=1641 Len=1112 [TCP segment of a reassembled PDU]"
"2528","11.885502","74.125.250.130","10.200.16.119","TCP","1258","443  >  53435 [PSH, ACK] Seq=1273857 Ack=90067 Win=1641 Len=1204 [TCP segment of a reassembled PDU]"
"2531","11.897199","74.125.250.130","10.200.16.119","TCP","1258","443  >  53435 [PSH, ACK] Seq=1275061 Ack=90067 Win=1641 Len=1204 [TCP segment of a reassembled PDU]"
"2532","11.897199","74.125.250.130","10.200.16.119","TCP","1258","443  >  53435 [PSH, ACK] Seq=1276265 Ack=90067 Win=1641 Len=1204 [TCP segment of a reassembled PDU]"
"2535","11.903094","74.125.250.130","10.200.16.119","TCP","1259","443  >  53435 [PSH, ACK] Seq=1277749 Ack=90121 Win=1641 Len=1205 [TCP segment of a reassembled PDU]"
"2541","11.925821","74.125.250.130","10.200.16.119","TCP","1266","443  >  53435 [PSH, ACK] Seq=1279024 Ack=91664 Win=1641 Len=1212 [TCP segment of a reassembled PDU]"
"2542","11.931124","74.125.250.130","10.200.16.119","TCP","1266","443  >  53435 [PSH, ACK] Seq=1280236 Ack=91664 Win=1641 Len=1212 [TCP segment of a reassembled PDU]"
"2548","11.939925","74.125.250.130","10.200.16.119","TCP","1266","443  >  53435 [PSH, ACK] Seq=1281448 Ack=94349 Win=1641 Len=1212 [TCP segment of a reassembled PDU]"
"2549","11.945259","74.125.250.130","10.200.16.119","TCP","1514","443  >  53435 [ACK] Seq=1282660 Ack=94349 Win=1641 Len=1460 [TCP segment of a reassembled PDU]"
"2550","11.945259","74.125.250.130","10.200.16.119","TCP","1418","443  >  53435 [PSH, ACK] Seq=1284120 Ack=94349 Win=1641 Len=1364 [TCP segment of a reassembled PDU]"
"2560","11.980752","74.125.250.130","10.200.16.119","TCP","1175","443  >  53435 [PSH, ACK] Seq=1286718 Ack=96198 Win=1641 Len=1121 [TCP segment of a reassembled PDU]"
"2562","11.990383","74.125.250.130","10.200.16.119","TCP","1175","443  >  53435 [PSH, ACK] Seq=1287839 Ack=96198 Win=1641 Len=1121 [TCP segment of a reassembled PDU]"
"2563","11.994746","74.125.250.130","10.200.16.119","TCP","1177","443  >  53435 [PSH, ACK] Seq=1288960 Ack=96198 Win=1641 Len=1123 [TCP segment of a reassembled PDU]"
"2564","11.994746","74.125.250.130","10.200.16.119","SSLv2","1277","Encrypted Data"
"2585","12.054812","74.125.250.130","10.200.16.119","SSLv2","1176","Encrypted Data"
"2589","12.062317","74.125.250.130","10.200.16.119","TCP","1174","443  >  53435 [PSH, ACK] Seq=1292991 Ack=100776 Win=1641 Len=1120 [TCP segment of a reassembled PDU]"
"2591","12.070610","74.125.250.130","10.200.16.119","TCP","1176","443  >  53435 [PSH, ACK] Seq=1294111 Ack=100776 Win=1641 Len=1122 [TCP segment of a reassembled PDU]"
"2592","12.076476","74.125.250.130","10.200.16.119","TCP","1177","443  >  53435 [PSH, ACK] Seq=1295233 Ack=100776 Win=1641 Len=1123 [TCP segment of a reassembled PDU]"
"2598","12.080127","74.125.250.130","10.200.16.119","TCP","1177","443  >  53435 [PSH, ACK] Seq=1296356 Ack=103034 Win=1641 Len=1123 [TCP segment of a reassembled PDU]"
"2599","12.080127","74.125.250.130","10.200.16.119","TCP","1177","443  >  53435 [PSH, ACK] Seq=1297479 Ack=103034 Win=1641 Len=1123 [TCP segment of a reassembled PDU]"
"2601","12.080127","74.125.250.130","10.200.16.119","TCP","1145","443  >  53435 [PSH, ACK] Seq=1298708 Ack=103034 Win=1641 Len=1091 [TCP segment of a reassembled PDU]"
"2603","12.085355","74.125.250.130","10.200.16.119","TCP","1145","443  >  53435 [PSH, ACK] Seq=1299799 Ack=103034 Win=1641 Len=1091 [TCP segment of a reassembled PDU]"
"2604","12.090871","74.125.250.130","10.200.16.119","SSLv2","1514","Encrypted Data"
"2623","12.158918","74.125.250.130","10.200.16.119","TCP","1116","443  >  53435 [PSH, ACK] Seq=1303757 Ack=107135 Win=1641 Len=1062 [TCP segment of a reassembled PDU]"
"2625","12.161927","74.125.250.130","10.200.16.119","TCP","1116","443  >  53435 [PSH, ACK] Seq=1304819 Ack=107135 Win=1641 Len=1062 [TCP segment of a reassembled PDU]"
"2627","12.164607","74.125.250.130","10.200.16.119","TCP","1114","443  >  53435 [PSH, ACK] Seq=1305883 Ack=107135 Win=1641 Len=1060 [TCP segment of a reassembled PDU]"
"2630","12.169800","74.125.250.130","10.200.16.119","TCP","1514","443  >  53435 [ACK] Seq=1306943 Ack=107135 Win=1641 Len=1460 [TCP segment of a reassembled PDU]"
"2631","12.169800","74.125.250.130","10.200.16.119","TCP","1069","443  >  53435 [PSH, ACK] Seq=1308403 Ack=107135 Win=1641 Len=1015 [TCP segment of a reassembled PDU]"
"2650","12.239575","74.125.250.130","10.200.16.119","TCP","1033","443  >  53435 [PSH, ACK] Seq=1310559 Ack=111495 Win=1641 Len=979 [TCP segment of a reassembled PDU]"
"2655","12.246857","74.125.250.130","10.200.16.119","TCP","1466","443  >  53435 [PSH, ACK] Seq=1311732 Ack=113434 Win=1641 Len=1412 [TCP segment of a reassembled PDU]"
"2656","12.246857","74.125.250.130","10.200.16.119","TCP","1466","443  >  53435 [PSH, ACK] Seq=1313144 Ack=113434 Win=1641 Len=1412 [TCP segment of a reassembled PDU]"
"2662","12.254981","74.125.250.130","10.200.16.119","TCP","1244","443  >  53435 [PSH, ACK] Seq=1314978 Ack=113434 Win=1641 Len=1190 [TCP segment of a reassembled PDU]"
"2663","12.260190","74.125.250.130","10.200.16.119","TCP","1244","443  >  53435 [PSH, ACK] Seq=1316168 Ack=113434 Win=1641 Len=1190 [TCP segment of a reassembled PDU]"
"2666","12.266307","74.125.250.130","10.200.16.119","TCP","1244","443  >  53435 [PSH, ACK] Seq=1317358 Ack=113434 Win=1641 Len=1190 [TCP segment of a reassembled PDU]"
"2672","12.277303","74.125.250.130","10.200.16.119","TCP","1377","443  >  53435 [PSH, ACK] Seq=1318548 Ack=116057 Win=1641 Len=1323 [TCP segment of a reassembled PDU]"
"2674","12.279835","74.125.250.130","10.200.16.119","TCP","1243","443  >  53435 [PSH, ACK] Seq=1319873 Ack=116057 Win=1641 Len=1189 [TCP segment of a reassembled PDU]"
"2685","12.315610","74.125.250.130","10.200.16.119","TCP","1064","443  >  53435 [PSH, ACK] Seq=1321392 Ack=118124 Win=1641 Len=1010 [TCP segment of a reassembled PDU]"
"2687","12.321325","74.125.250.130","10.200.16.119","SSLv2","1064","Encrypted Data"
"2688","12.321325","74.125.250.130","10.200.16.119","TCP","1064","443  >  53435 [PSH, ACK] Seq=1323412 Ack=118124 Win=1641 Len=1010 [TCP segment of a reassembled PDU]"
"2691","12.325535","74.125.250.130","10.200.16.119","TCP","1062","443  >  53435 [PSH, ACK] Seq=1324424 Ack=118124 Win=1641 Len=1008 [TCP segment of a reassembled PDU]"
"2694","12.331196","74.125.250.130","10.200.16.119","TCP","1065","443  >  53435 [PSH, ACK] Seq=1325577 Ack=118124 Win=1641 Len=1011 [TCP segment of a reassembled PDU]"
"2708","12.397204","74.125.250.130","10.200.16.119","TCP","1230","443  >  53435 [PSH, ACK] Seq=1326919 Ack=122469 Win=1641 Len=1176 [TCP segment of a reassembled PDU]"
"2709","12.398695","74.125.250.130","10.200.16.119","TCP","1230","443  >  53435 [PSH, ACK] Seq=1328095 Ack=122469 Win=1641 Len=1176 [TCP segment of a reassembled PDU]"
"2711","12.399395","74.125.250.130","10.200.16.119","TCP","1230","443  >  53435 [PSH, ACK] Seq=1329271 Ack=122469 Win=1641 Len=1176 [TCP segment of a reassembled PDU]"
"2713","12.404906","74.125.250.130","10.200.16.119","TCP","1466","443  >  53435 [PSH, ACK] Seq=1330517 Ack=122469 Win=1641 Len=1412 [TCP segment of a reassembled PDU]"
"2716","12.405563","74.125.250.130","10.200.16.119","TCP","1466","443  >  53435 [PSH, ACK] Seq=1332869 Ack=122469 Win=1641 Len=1412 [TCP segment of a reassembled PDU]"
"2724","12.438181","74.125.250.130","10.200.16.119","TCP","1230","443  >  53435 [PSH, ACK] Seq=1334468 Ack=124484 Win=1641 Len=1176 [TCP segment of a reassembled PDU]"
"2727","12.440779","74.125.250.130","10.200.16.119","TCP","1466","443  >  53435 [PSH, ACK] Seq=1335646 Ack=124484 Win=1641 Len=1412 [TCP segment of a reassembled PDU]"
"2729","12.440779","74.125.250.130","10.200.16.119","TCP","1466","443  >  53435 [PSH, ACK] Seq=1337636 Ack=124484 Win=1641 Len=1412 [TCP segment of a reassembled PDU]"
"2734","12.443958","74.125.250.130","10.200.16.119","TCP","1051","443  >  53435 [PSH, ACK] Seq=1339769 Ack=124484 Win=1641 Len=997 [TCP segment of a reassembled PDU]"
"2743","12.480062","74.125.250.130","10.200.16.119","TCP","1239","443  >  53435 [PSH, ACK] Seq=1340965 Ack=126503 Win=1641 Len=1185 [TCP segment of a reassembled PDU]"
"2747","12.484676","74.125.250.130","10.200.16.119","TCP","1225","443  >  53435 [PSH, ACK] Seq=1342150 Ack=128652 Win=1641 Len=1171 [TCP segment of a reassembled PDU]"
"2748","12.484676","74.125.250.130","10.200.16.119","TCP","1466","443  >  53435 [PSH, ACK] Seq=1343321 Ack=128652 Win=1641 Len=1412 [TCP segment of a reassembled PDU]"
"2751","12.490128","74.125.250.130","10.200.16.119","TCP","1466","443  >  53435 [PSH, ACK] Seq=1345659 Ack=128652 Win=1641 Len=1412 [TCP segment of a reassembled PDU]"
"2765","12.533790","74.125.250.130","10.200.16.119","SSLv2","1224","Encrypted Data"
"2775","12.560440","74.125.250.130","10.200.16.119","TCP","1117","443  >  53435 [PSH, ACK] Seq=1349831 Ack=132735 Win=1641 Len=1063 [TCP segment of a reassembled PDU]"
"2776","12.565810","74.125.250.130","10.200.16.119","TCP","1117","443  >  53435 [PSH, ACK] Seq=1350894 Ack=132735 Win=1641 Len=1063 [TCP segment of a reassembled PDU]"
"2782","12.592392","74.125.250.130","10.200.16.119","TCP","1117","443  >  53435 [PSH, ACK] Seq=1351957 Ack=135166 Win=1641 Len=1063 [TCP segment of a reassembled PDU]"
"2784","12.595552","74.125.250.130","10.200.16.119","TCP","1251","443  >  53435 [PSH, ACK] Seq=1353022 Ack=135166 Win=1641 Len=1197 [TCP segment of a reassembled PDU]"
"2786","12.602266","74.125.250.130","10.200.16.119","TCP","1466","443  >  53435 [PSH, ACK] Seq=1354219 Ack=135166 Win=1641 Len=1412 [TCP segment of a reassembled PDU]"
"2787","12.602266","74.125.250.130","10.200.16.119","TCP","1466","443  >  53435 [PSH, ACK] Seq=1355631 Ack=135166 Win=1641 Len=1412 [TCP segment of a reassembled PDU]"
"2788","12.602266","74.125.250.130","10.200.16.119","TCP","1466","443  >  53435 [PSH, ACK] Seq=1357043 Ack=135166 Win=1641 Len=1412 [TCP segment of a reassembled PDU]"
"2790","12.602266","74.125.250.130","10.200.16.119","TCP","1130","443  >  53435 [PSH, ACK] Seq=1358507 Ack=135166 Win=1641 Len=1076 [TCP segment of a reassembled PDU]"
"2793","12.606173","74.125.250.130","10.200.16.119","TCP","1283","443  >  53435 [PSH, ACK] Seq=1359653 Ack=135166 Win=1641 Len=1229 [TCP segment of a reassembled PDU]"
"2802","12.609882","74.125.250.130","10.200.16.119","TCP","1514","443  >  53435 [ACK] Seq=1361049 Ack=137014 Win=1641 Len=1460 [TCP segment of a reassembled PDU]"
"2809","12.645743","74.125.250.130","10.200.16.119","TCP","1104","443  >  53435 [PSH, ACK] Seq=1363476 Ack=137014 Win=1641 Len=1050 [TCP segment of a reassembled PDU]"
"2812","12.653868","74.125.250.130","10.200.16.119","TCP","1466","443  >  53435 [PSH, ACK] Seq=1364526 Ack=139053 Win=1641 Len=1412 [TCP segment of a reassembled PDU]"
"2815","12.653868","74.125.250.130","10.200.16.119","TCP","1103","443  >  53435 [PSH, ACK] Seq=1366628 Ack=139053 Win=1641 Len=1049 [TCP segment of a reassembled PDU]"
"2818","12.659854","74.125.250.130","10.200.16.119","TCP","1105","443  >  53435 [PSH, ACK] Seq=1367743 Ack=139053 Win=1641 Len=1051 [TCP segment of a reassembled PDU]"
"2831","12.716417","74.125.250.130","10.200.16.119","TCP","1179","443  >  53435 [PSH, ACK] Seq=1369293 Ack=140994 Win=1641 Len=1125 [TCP segment of a reassembled PDU]"
"2836","12.722300","74.125.250.130","10.200.16.119","TCP","1180","443  >  53435 [PSH, ACK] Seq=1370420 Ack=140994 Win=1641 Len=1126 [TCP segment of a reassembled PDU]"
"2839","12.726853","74.125.250.130","10.200.16.119","TCP","1182","443  >  53435 [PSH, ACK] Seq=1371546 Ack=142735 Win=1641 Len=1128 [TCP segment of a reassembled PDU]"
"2840","12.729774","74.125.250.130","10.200.16.119","TCP","1182","443  >  53435 [PSH, ACK] Seq=1372674 Ack=142735 Win=1641 Len=1128 [TCP segment of a reassembled PDU]"
"2841","12.729774","74.125.250.130","10.200.16.119","TCP","1182","443  >  53435 [PSH, ACK] Seq=1373802 Ack=142735 Win=1641 Len=1128 [TCP segment of a reassembled PDU]"
"2844","12.735178","74.125.250.130","10.200.16.119","SSLv2","1182","Encrypted Data"
"2847","12.740235","74.125.250.130","10.200.16.119","TCP","1182","443  >  53435 [PSH, ACK] Seq=1376309 Ack=142789 Win=1641 Len=1128 [TCP segment of a reassembled PDU]"
"2851","12.755128","74.125.250.130","10.200.16.119","TCP","1126","443  >  53435 [PSH, ACK] Seq=1377503 Ack=142789 Win=1641 Len=1072 [TCP segment of a reassembled PDU]"
"2854","12.761543","74.125.250.130","10.200.16.119","TCP","1143","443  >  53435 [PSH, ACK] Seq=1378575 Ack=145007 Win=1641 Len=1089 [TCP segment of a reassembled PDU]"
"2855","12.761543","74.125.250.130","10.200.16.119","TCP","1143","443  >  53435 [PSH, ACK] Seq=1379664 Ack=145007 Win=1641 Len=1089 [TCP segment of a reassembled PDU]"
"2858","12.767156","74.125.250.130","10.200.16.119","TCP","1143","443  >  53435 [PSH, ACK] Seq=1380872 Ack=145007 Win=1641 Len=1089 [TCP segment of a reassembled PDU]"
"2870","12.815903","74.125.250.130","10.200.16.119","TCP","1212","443  >  53435 [PSH, ACK] Seq=1382271 Ack=146734 Win=1641 Len=1158 [TCP segment of a reassembled PDU]"
"2871","12.815903","74.125.250.130","10.200.16.119","TCP","1213","443  >  53435 [PSH, ACK] Seq=1383429 Ack=146734 Win=1641 Len=1159 [TCP segment of a reassembled PDU]"
"2874","12.820412","74.125.250.130","10.200.16.119","SSLv2","1466","Encrypted Data"
"2877","12.830798","74.125.250.130","10.200.16.119","TCP","1346","443  >  53435 [PSH, ACK] Seq=1386906 Ack=148866 Win=1641 Len=1292 [TCP segment of a reassembled PDU]"
"2888","12.884554","74.125.250.130","10.200.16.119","TCP","1108","443  >  53435 [PSH, ACK] Seq=1388530 Ack=150339 Win=1641 Len=1054 [TCP segment of a reassembled PDU]"
"2890","12.890650","74.125.250.130","10.200.16.119","TCP","1108","443  >  53435 [PSH, ACK] Seq=1389584 Ack=152263 Win=1641 Len=1054 [TCP segment of a reassembled PDU]"
"2891","12.890650","74.125.250.130","10.200.16.119","TCP","1110","443  >  53435 [PSH, ACK] Seq=1390638 Ack=152263 Win=1641 Len=1056 [TCP segment of a reassembled PDU]"
"2894","12.896491","74.125.250.130","10.200.16.119","SSLv2","1109","Encrypted Data"
"2900","12.914571","74.125.250.130","10.200.16.119","TCP","1261","443  >  53435 [PSH, ACK] Seq=1393053 Ack=152263 Win=1641 Len=1207 [TCP segment of a reassembled PDU]"
"2904","12.920126","74.125.250.130","10.200.16.119","TCP","1261","443  >  53435 [PSH, ACK] Seq=1394260 Ack=154489 Win=1641 Len=1207 [TCP segment of a reassembled PDU]"
"2905","12.925991","74.125.250.130","10.200.16.119","SSLv2","1262","Encrypted Data"
"2907","12.930791","74.125.250.130","10.200.16.119","TCP","1262","443  >  53435 [PSH, ACK] Seq=1396675 Ack=154543 Win=1641 Len=1208 [TCP segment of a reassembled PDU]"
"2910","12.938218","74.125.250.130","10.200.16.119","TCP","1262","443  >  53435 [PSH, ACK] Seq=1397974 Ack=154543 Win=1641 Len=1208 [TCP segment of a reassembled PDU]"
"2924","12.990369","74.125.250.130","10.200.16.119","TCP","1078","443  >  53435 [PSH, ACK] Seq=1399423 Ack=158127 Win=1641 Len=1024 [TCP segment of a reassembled PDU]"
"2925","12.991202","74.125.250.130","10.200.16.119","TCP","1063","443  >  53435 [PSH, ACK] Seq=1400447 Ack=158127 Win=1641 Len=1009 [TCP segment of a reassembled PDU]"
"2927","12.995204","74.125.250.130","10.200.16.119","TCP","1063","443  >  53435 [PSH, ACK] Seq=1401456 Ack=158127 Win=1641 Len=1009 [TCP segment of a reassembled PDU]"
"2931","13.002118","74.125.250.130","10.200.16.119","SSLv2","1063","Encrypted Data"
"2944","13.046801","74.125.250.130","10.200.16.119","TCP","1187","443  >  53435 [PSH, ACK] Seq=1403918 Ack=159957 Win=1641 Len=1133 [TCP segment of a reassembled PDU]"
"2946","13.051526","74.125.250.130","10.200.16.119","TCP","1186","443  >  53435 [PSH, ACK] Seq=1405053 Ack=160011 Win=1641 Len=1132 [TCP segment of a reassembled PDU]"
"2950","13.055620","74.125.250.130","10.200.16.119","TCP","1188","443  >  53435 [PSH, ACK] Seq=1406251 Ack=160011 Win=1641 Len=1134 [TCP segment of a reassembled PDU]"
"2954","13.060000","74.125.250.130","10.200.16.119","TCP","1466","443  >  53435 [PSH, ACK] Seq=1407385 Ack=161719 Win=1641 Len=1412 [TCP segment of a reassembled PDU]"
"2964","13.120147","74.125.250.130","10.200.16.119","TCP","1274","443  >  53435 [PSH, ACK] Seq=1409719 Ack=163867 Win=1641 Len=1220 [TCP segment of a reassembled PDU]"
"2966","13.140424","74.125.250.130","10.200.16.119","TCP","1202","443  >  53435 [PSH, ACK] Seq=1410939 Ack=165849 Win=1641 Len=1148 [TCP segment of a reassembled PDU]"
"2968","13.147749","74.125.250.130","10.200.16.119","TCP","1514","443  >  53435 [ACK] Seq=1412087 Ack=165849 Win=1641 Len=1460 [TCP segment of a reassembled PDU]"
"2971","13.150743","74.125.250.130","10.200.16.119","TCP","1228","443  >  53435 [PSH, ACK] Seq=1414047 Ack=165849 Win=1641 Len=1174 [TCP segment of a reassembled PDU]"
"2976","13.155045","74.125.250.130","10.200.16.119","TCP","1229","443  >  53435 [PSH, ACK] Seq=1415291 Ack=167243 Win=1641 Len=1175 [TCP segment of a reassembled PDU]"
"2979","13.172653","74.125.250.130","10.200.16.119","TCP","1466","443  >  53435 [PSH, ACK] Seq=1416466 Ack=167243 Win=1641 Len=1412 [TCP segment of a reassembled PDU]"
"2981","13.172653","74.125.250.130","10.200.16.119","TCP","1229","443  >  53435 [PSH, ACK] Seq=1418816 Ack=167243 Win=1641 Len=1175 [TCP segment of a reassembled PDU]"
"2991","13.211871","74.125.250.130","10.200.16.119","TCP","1044","443  >  53435 [PSH, ACK] Seq=1420061 Ack=170243 Win=1641 Len=990 [TCP segment of a reassembled PDU]"
"2995","13.231891","74.125.250.130","10.200.16.119","TCP","1044","443  >  53435 [PSH, ACK] Seq=1421051 Ack=171640 Win=1641 Len=990 [TCP segment of a reassembled PDU]"
"2998","13.238118","74.125.250.130","10.200.16.119","SSLv2","1514","Encrypted Data"
"3001","13.239801","74.125.250.130","10.200.16.119","TCP","1044","443  >  53435 [PSH, ACK] Seq=1424021 Ack=171748 Win=1641 Len=990 [TCP segment of a reassembled PDU]"
"3008","13.271219","74.125.250.130","10.200.16.119","TCP","1261","443  >  53435 [PSH, ACK] Seq=1425319 Ack=173577 Win=1641 Len=1207 [TCP segment of a reassembled PDU]"
"3009","13.277203","74.125.250.130","10.200.16.119","TCP","1261","443  >  53435 [PSH, ACK] Seq=1426526 Ack=173577 Win=1641 Len=1207 [TCP segment of a reassembled PDU]"
"3013","13.280854","74.125.250.130","10.200.16.119","TCP","1261","443  >  53435 [PSH, ACK] Seq=1427733 Ack=173577 Win=1641 Len=1207 [TCP segment of a reassembled PDU]"
"3018","13.311408","74.125.250.130","10.200.16.119","TCP","1514","443  >  53435 [ACK] Seq=1428940 Ack=175419 Win=1641 Len=1460 [TCP segment of a reassembled PDU]"
"3019","13.311408","74.125.250.130","10.200.16.119","TCP","1008","443  >  53435 [PSH, ACK] Seq=1430400 Ack=175419 Win=1641 Len=954 [TCP segment of a reassembled PDU]"
"3023","13.326127","74.125.250.130","10.200.16.119","TCP","1144","443  >  53435 [PSH, ACK] Seq=1431424 Ack=177207 Win=1641 Len=1090 [TCP segment of a reassembled PDU]"
"3025","13.331263","74.125.250.130","10.200.16.119","TCP","1466","443  >  53435 [PSH, ACK] Seq=1432514 Ack=177207 Win=1641 Len=1412 [TCP segment of a reassembled PDU]"
"3028","13.335634","74.125.250.130","10.200.16.119","TCP","1144","443  >  53435 [PSH, ACK] Seq=1434694 Ack=177207 Win=1641 Len=1090 [TCP segment of a reassembled PDU]"
"3039","13.400810","74.125.250.130","10.200.16.119","SSLv2","1141","Encrypted Data"
"3040","13.405962","74.125.250.130","10.200.16.119","SSLv2","1466","Encrypted Data"
"3041","13.405962","74.125.250.130","10.200.16.119","TCP","1466","443  >  53435 [PSH, ACK] Seq=1438353 Ack=181146 Win=1641 Len=1412 [TCP segment of a reassembled PDU]"
"3042","13.405962","74.125.250.130","10.200.16.119","TCP","1514","443  >  53435 [ACK] Seq=1439765 Ack=181146 Win=1641 Len=1460 [TCP segment of a reassembled PDU]"
"3045","13.412058","74.125.250.130","10.200.16.119","TCP","1142","443  >  53435 [PSH, ACK] Seq=1441361 Ack=181146 Win=1641 Len=1088 [TCP segment of a reassembled PDU]"
"3050","13.425228","74.125.250.130","10.200.16.119","TCP","1069","443  >  53435 [PSH, ACK] Seq=1442449 Ack=181146 Win=1641 Len=1015 [TCP segment of a reassembled PDU]"
"3056","13.431187","74.125.250.130","10.200.16.119","TCP","1069","443  >  53435 [PSH, ACK] Seq=1443464 Ack=183698 Win=1641 Len=1015 [TCP segment of a reassembled PDU]"
"3057","13.434525","74.125.250.130","10.200.16.119","TCP","1069","443  >  53435 [PSH, ACK] Seq=1444479 Ack=183698 Win=1641 Len=1015 [TCP segment of a reassembled PDU]"
"3059","13.441748","74.125.250.130","10.200.16.119","TCP","1070","443  >  53435 [PSH, ACK] Seq=1445494 Ack=183698 Win=1641 Len=1016 [TCP segment of a reassembled PDU]"
"3070","13.500163","74.125.250.130","10.200.16.119","TCP","1223","443  >  53435 [PSH, ACK] Seq=1446580 Ack=187689 Win=1641 Len=1169 [TCP segment of a reassembled PDU]"
"3071","13.500662","74.125.250.130","10.200.16.119","TCP","1514","443  >  53435 [ACK] Seq=1447749 Ack=187689 Win=1641 Len=1460 [TCP segment of a reassembled PDU]"
"3076","13.510392","74.125.250.130","10.200.16.119","TCP","1224","443  >  53435 [PSH, ACK] Seq=1450159 Ack=187689 Win=1641 Len=1170 [TCP segment of a reassembled PDU]"
"3077","13.516620","74.125.250.130","10.200.16.119","TCP","1224","443  >  53435 [PSH, ACK] Seq=1451329 Ack=187689 Win=1641 Len=1170 [TCP segment of a reassembled PDU]"
"3083","13.520102","74.125.250.130","10.200.16.119","TCP","1222","443  >  53435 [PSH, ACK] Seq=1452586 Ack=187689 Win=1641 Len=1168 [TCP segment of a reassembled PDU]"
"3086","13.530863","74.125.250.130","10.200.16.119","TCP","1291","443  >  53435 [PSH, ACK] Seq=1453754 Ack=189013 Win=1641 Len=1237 [TCP segment of a reassembled PDU]"
"3091","13.556940","74.125.250.130","10.200.16.119","TCP","1119","443  >  53435 [PSH, ACK] Seq=1455057 Ack=189067 Win=1641 Len=1065 [TCP segment of a reassembled PDU]"
"3094","13.564325","74.125.250.130","10.200.16.119","TCP","1466","443  >  53435 [PSH, ACK] Seq=1456122 Ack=191474 Win=1641 Len=1412 [TCP segment of a reassembled PDU]"
"3096","13.564325","74.125.250.130","10.200.16.119","TCP","1119","443  >  53435 [PSH, ACK] Seq=1458252 Ack=191474 Win=1641 Len=1065 [TCP segment of a reassembled PDU]"
"3099","13.565356","74.125.250.130","10.200.16.119","TCP","1117","443  >  53435 [PSH, ACK] Seq=1459319 Ack=191474 Win=1641 Len=1063 [TCP segment of a reassembled PDU]"
"3103","13.569877","74.125.250.130","10.200.16.119","TCP","1120","443  >  53435 [PSH, ACK] Seq=1460514 Ack=191474 Win=1641 Len=1066 [TCP segment of a reassembled PDU]"
"3107","13.597484","74.125.250.130","10.200.16.119","TCP","1206","443  >  53435 [PSH, ACK] Seq=1461580 Ack=193062 Win=1641 Len=1152 [TCP segment of a reassembled PDU]"
"3108","13.601575","74.125.250.130","10.200.16.119","TCP","1206","443  >  53435 [PSH, ACK] Seq=1462732 Ack=193062 Win=1641 Len=1152 [TCP segment of a reassembled PDU]"
"3110","13.606249","74.125.250.130","10.200.16.119","TCP","1276","443  >  53435 [PSH, ACK] Seq=1463884 Ack=193062 Win=1641 Len=1222 [TCP segment of a reassembled PDU]"
"3114","13.609646","74.125.250.130","10.200.16.119","TCP","1514","443  >  53435 [ACK] Seq=1465106 Ack=193194 Win=1641 Len=1460 [TCP segment of a reassembled PDU]"
"3115","13.609646","74.125.250.130","10.200.16.119","TCP","1418","443  >  53435 [PSH, ACK] Seq=1466566 Ack=193194 Win=1641 Len=1364 [TCP segment of a reassembled PDU]"
"3126","13.651438","74.125.250.130","10.200.16.119","TCP","1137","443  >  53435 [PSH, ACK] Seq=1469064 Ack=194770 Win=1641 Len=1083 [TCP segment of a reassembled PDU]"
"3131","13.660098","74.125.250.130","10.200.16.119","TCP","1138","443  >  53435 [PSH, ACK] Seq=1470213 Ack=197003 Win=1641 Len=1084 [TCP segment of a reassembled PDU]"
"3134","13.665544","74.125.250.130","10.200.16.119","TCP","1466","443  >  53435 [PSH, ACK] Seq=1471411 Ack=197003 Win=1641 Len=1412 [TCP segment of a reassembled PDU]"
"3150","13.737691","74.125.250.130","10.200.16.119","TCP","1202","443  >  53435 [PSH, ACK] Seq=1474026 Ack=200675 Win=1641 Len=1148 [TCP segment of a reassembled PDU]"
"3152","13.752878","74.125.250.130","10.200.16.119","TCP","1202","443  >  53435 [PSH, ACK] Seq=1475174 Ack=200675 Win=1641 Len=1148 [TCP segment of a reassembled PDU]"
"3153","13.752878","74.125.250.130","10.200.16.119","SSLv2","1202","Encrypted Data"
"3156","13.756308","74.125.250.130","10.200.16.119","SSLv2","1200","Encrypted Data"
"3162","13.761026","74.125.250.130","10.200.16.119","TCP","1202","443  >  53435 [PSH, ACK] Seq=1478828 Ack=200675 Win=1641 Len=1148 [TCP segment of a reassembled PDU]"
"3166","13.765661","74.125.250.130","10.200.16.119","TCP","1514","443  >  53435 [ACK] Seq=1479978 Ack=202568 Win=1641 Len=1460 [TCP segment of a reassembled PDU]"
"3168","13.765710","74.125.250.130","10.200.16.119","TCP","1418","443  >  53435 [PSH, ACK] Seq=1481438 Ack=202568 Win=1641 Len=1364 [TCP segment of a reassembled PDU]"
"3172","13.772124","74.125.250.130","10.200.16.119","TCP","1157","443  >  53435 [PSH, ACK] Seq=1483457 Ack=202568 Win=1641 Len=1103 [TCP segment of a reassembled PDU]"
"3182","13.817027","74.125.250.130","10.200.16.119","TCP","1196","443  >  53435 [PSH, ACK] Seq=1484900 Ack=204151 Win=1641 Len=1142 [TCP segment of a reassembled PDU]"
"3184","13.821357","74.125.250.130","10.200.16.119","TCP","1466","443  >  53435 [PSH, ACK] Seq=1486042 Ack=204151 Win=1641 Len=1412 [TCP segment of a reassembled PDU]"
"3190","13.839623","74.125.250.130","10.200.16.119","TCP","1196","443  >  53435 [PSH, ACK] Seq=1488326 Ack=206428 Win=1641 Len=1142 [TCP segment of a reassembled PDU]"
"3198","13.846674","74.125.250.130","10.200.16.119","TCP","1196","443  >  53435 [PSH, ACK] Seq=1489735 Ack=206428 Win=1641 Len=1142 [TCP segment of a reassembled PDU]"
"3206","13.885882","74.125.250.130","10.200.16.119","TCP","1135","443  >  53435 [PSH, ACK] Seq=1491092 Ack=208187 Win=1641 Len=1081 [TCP segment of a reassembled PDU]"
"3211","13.890494","74.125.250.130","10.200.16.119","SSLv2","1135","Encrypted Data"
"3212","13.890494","74.125.250.130","10.200.16.119","TCP","1135","443  >  53435 [PSH, ACK] Seq=1493254 Ack=208261 Win=1641 Len=1081 [TCP segment of a reassembled PDU]"
"3215","13.899916","74.125.250.130","10.200.16.119","TCP","1136","443  >  53435 [PSH, ACK] Seq=1494335 Ack=210229 Win=1641 Len=1082 [TCP segment of a reassembled PDU]"
"3218","13.904494","74.125.250.130","10.200.16.119","TCP","1136","443  >  53435 [PSH, ACK] Seq=1495556 Ack=210229 Win=1641 Len=1082 [TCP segment of a reassembled PDU]"
"3226","13.930340","74.125.250.130","10.200.16.119","TCP","1229","443  >  53435 [PSH, ACK] Seq=1496839 Ack=212038 Win=1641 Len=1175 [TCP segment of a reassembled PDU]"
"3228","13.936052","74.125.250.130","10.200.16.119","TCP","1229","443  >  53435 [PSH, ACK] Seq=1498014 Ack=212038 Win=1641 Len=1175 [TCP segment of a reassembled PDU]"
"3229","13.940571","74.125.250.130","10.200.16.119","TCP","1229","443  >  53435 [PSH, ACK] Seq=1499189 Ack=212038 Win=1641 Len=1175 [TCP segment of a reassembled PDU]"
"3231","13.950986","74.125.250.130","10.200.16.119","TCP","1229","443  >  53435 [PSH, ACK] Seq=1500364 Ack=212038 Win=1641 Len=1175 [TCP segment of a reassembled PDU]"
"3232","13.955387","74.125.250.130","10.200.16.119","TCP","1466","443  >  53435 [PSH, ACK] Seq=1501539 Ack=212038 Win=1641 Len=1412 [TCP segment of a reassembled PDU]"
"3233","13.955387","74.125.250.130","10.200.16.119","TCP","1234","443  >  53435 [PSH, ACK] Seq=1502951 Ack=212038 Win=1641 Len=1180 [TCP segment of a reassembled PDU]"
"3241","14.001770","74.125.250.130","10.200.16.119","TCP","1274","443  >  53435 [PSH, ACK] Seq=1504327 Ack=214403 Win=1641 Len=1220 [TCP segment of a reassembled PDU]"
"3242","14.006138","74.125.250.130","10.200.16.119","TCP","1259","443  >  53435 [PSH, ACK] Seq=1505547 Ack=214403 Win=1641 Len=1205 [TCP segment of a reassembled PDU]"
"3245","14.009779","74.125.250.130","10.200.16.119","TCP","1466","443  >  53435 [PSH, ACK] Seq=1506818 Ack=214403 Win=1641 Len=1412 [TCP segment of a reassembled PDU]"
"3246","14.009779","74.125.250.130","10.200.16.119","TCP","1052","443  >  53435 [PSH, ACK] Seq=1508230 Ack=214403 Win=1641 Len=998 [TCP segment of a reassembled PDU]"
"3248","14.020634","74.125.250.130","10.200.16.119","SSLv2","1380","Encrypted Data"
"3259","14.055280","74.125.250.130","10.200.16.119","TCP","1167","443  >  53435 [PSH, ACK] Seq=1510877 Ack=216602 Win=1641 Len=1113 [TCP segment of a reassembled PDU]"
"3262","14.062253","74.125.250.130","10.200.16.119","TCP","1167","443  >  53435 [PSH, ACK] Seq=1512056 Ack=216602 Win=1641 Len=1113 [TCP segment of a reassembled PDU]"
"3263","14.062253","74.125.250.130","10.200.16.119","TCP","1167","443  >  53435 [PSH, ACK] Seq=1513169 Ack=216602 Win=1641 Len=1113 [TCP segment of a reassembled PDU]"
"3269","14.074264","74.125.250.130","10.200.16.119","TCP","1165","443  >  53435 [PSH, ACK] Seq=1514284 Ack=218713 Win=1641 Len=1111 [TCP segment of a reassembled PDU]"
"3272","14.081735","74.125.250.130","10.200.16.119","TCP","1466","443  >  53435 [PSH, ACK] Seq=1515397 Ack=218713 Win=1641 Len=1412 [TCP segment of a reassembled PDU]"
"3274","14.081735","74.125.250.130","10.200.16.119","TCP","1258","443  >  53435 [PSH, ACK] Seq=1517623 Ack=218713 Win=1641 Len=1204 [TCP segment of a reassembled PDU]"
"3276","14.090798","74.125.250.130","10.200.16.119","TCP","1068","443  >  53435 [PSH, ACK] Seq=1518827 Ack=218713 Win=1641 Len=1014 [TCP segment of a reassembled PDU]"
"3279","14.094950","74.125.250.130","10.200.16.119","TCP","1069","443  >  53435 [PSH, ACK] Seq=1519841 Ack=218713 Win=1641 Len=1015 [TCP segment of a reassembled PDU]"
"3281","14.095427","74.125.250.130","10.200.16.119","TCP","1069","443  >  53435 [PSH, ACK] Seq=1520856 Ack=218713 Win=1641 Len=1015 [TCP segment of a reassembled PDU]"
"3285","14.098692","74.125.250.130","10.200.16.119","TCP","1067","443  >  53435 [PSH, ACK] Seq=1521873 Ack=220544 Win=1641 Len=1013 [TCP segment of a reassembled PDU]"
"3301","14.166829","74.125.250.130","10.200.16.119","TCP","1233","443  >  53435 [PSH, ACK] Seq=1523397 Ack=222685 Win=1641 Len=1179 [TCP segment of a reassembled PDU]"
"3306","14.176633","74.125.250.130","10.200.16.119","TCP","1514","443  >  53435 [ACK] Seq=1524578 Ack=224338 Win=1641 Len=1460 [TCP segment of a reassembled PDU]"
"3308","14.176633","74.125.250.130","10.200.16.119","TCP","1233","443  >  53435 [PSH, ACK] Seq=1526934 Ack=224338 Win=1641 Len=1179 [TCP segment of a reassembled PDU]"
"3309","14.176633","74.125.250.130","10.200.16.119","TCP","1233","443  >  53435 [PSH, ACK] Seq=1528113 Ack=224388 Win=1641 Len=1179 [TCP segment of a reassembled PDU]"
"3312","14.181422","74.125.250.130","10.200.16.119","TCP","1233","443  >  53435 [PSH, ACK] Seq=1529378 Ack=224388 Win=1641 Len=1179 [TCP segment of a reassembled PDU]"
"3317","14.200593","74.125.250.130","10.200.16.119","TCP","1233","443  >  53435 [PSH, ACK] Seq=1530643 Ack=226063 Win=1641 Len=1179 [TCP segment of a reassembled PDU]"
"3325","14.230192","74.125.250.130","10.200.16.119","TCP","1178","443  >  53435 [PSH, ACK] Seq=1531990 Ack=227723 Win=1641 Len=1124 [TCP segment of a reassembled PDU]"
"3327","14.236300","74.125.250.130","10.200.16.119","SSLv2","1466","Encrypted Data"
"3330","14.236424","74.125.250.130","10.200.16.119","TCP","1245","443  >  53435 [PSH, ACK] Seq=1535362 Ack=227777 Win=1641 Len=1191 [TCP segment of a reassembled PDU]"
"3331","14.240550","74.125.250.130","10.200.16.119","TCP","1179","443  >  53435 [PSH, ACK] Seq=1536553 Ack=227777 Win=1641 Len=1125 [TCP segment of a reassembled PDU]"
"3338","14.270817","74.125.250.130","10.200.16.119","TCP","1246","443  >  53435 [PSH, ACK] Seq=1537990 Ack=229391 Win=1641 Len=1192 [TCP segment of a reassembled PDU]"
"3340","14.276044","74.125.250.130","10.200.16.119","TCP","1466","443  >  53435 [PSH, ACK] Seq=1539182 Ack=229391 Win=1641 Len=1412 [TCP segment of a reassembled PDU]"
"3341","14.276044","74.125.250.130","10.200.16.119","TCP","1466","443  >  53435 [PSH, ACK] Seq=1540594 Ack=229391 Win=1641 Len=1412 [TCP segment of a reassembled PDU]"
"3344","14.280399","74.125.250.130","10.200.16.119","TCP","1246","443  >  53435 [PSH, ACK] Seq=1542758 Ack=229391 Win=1641 Len=1192 [TCP segment of a reassembled PDU]"
"3348","14.285588","74.125.250.130","10.200.16.119","TCP","1247","443  >  53435 [PSH, ACK] Seq=1543950 Ack=229391 Win=1641 Len=1193 [TCP segment of a reassembled PDU]"
"3352","14.295267","74.125.250.130","10.200.16.119","TCP","1247","443  >  53435 [PSH, ACK] Seq=1545143 Ack=231380 Win=1641 Len=1193 [TCP segment of a reassembled PDU]"
"3357","14.321440","74.125.250.130","10.200.16.119","TCP","1104","443  >  53435 [PSH, ACK] Seq=1546406 Ack=231438 Win=1641 Len=1050 [TCP segment of a reassembled PDU]"
"3360","14.325019","74.125.250.130","10.200.16.119","TCP","1104","443  >  53435 [PSH, ACK] Seq=1547456 Ack=233316 Win=1641 Len=1050 [TCP segment of a reassembled PDU]"
"3362","14.331060","74.125.250.130","10.200.16.119","TCP","1514","443  >  53435 [ACK] Seq=1548506 Ack=233316 Win=1641 Len=1460 [TCP segment of a reassembled PDU]"
"3366","14.337703","74.125.250.130","10.200.16.119","TCP","1103","443  >  53435 [PSH, ACK] Seq=1550608 Ack=233316 Win=1641 Len=1049 [TCP segment of a reassembled PDU]"
"3373","14.397860","74.125.250.130","10.200.16.119","TCP","1210","443  >  53435 [PSH, ACK] Seq=1551723 Ack=234847 Win=1641 Len=1156 [TCP segment of a reassembled PDU]"
"3377","14.401802","74.125.250.130","10.200.16.119","TCP","1210","443  >  53435 [PSH, ACK] Seq=1552879 Ack=234847 Win=1641 Len=1156 [TCP segment of a reassembled PDU]"
"3379","14.405560","74.125.250.130","10.200.16.119","TCP","1210","443  >  53435 [PSH, ACK] Seq=1554035 Ack=237652 Win=1641 Len=1156 [TCP segment of a reassembled PDU]"
"3382","14.412505","74.125.250.130","10.200.16.119","TCP","1210","443  >  53435 [PSH, ACK] Seq=1555257 Ack=237652 Win=1641 Len=1156 [TCP segment of a reassembled PDU]"
"3384","14.416575","74.125.250.130","10.200.16.119","TCP","1211","443  >  53435 [PSH, ACK] Seq=1556413 Ack=237652 Win=1641 Len=1157 [TCP segment of a reassembled PDU]"
"3386","14.420283","74.125.250.130","10.200.16.119","TCP","1211","443  >  53435 [PSH, ACK] Seq=1557570 Ack=237652 Win=1641 Len=1157 [TCP segment of a reassembled PDU]"
"3387","14.424851","74.125.250.130","10.200.16.119","TCP","1211","443  >  53435 [PSH, ACK] Seq=1558727 Ack=237702 Win=1641 Len=1157 [TCP segment of a reassembled PDU]"
"3391","14.429795","74.125.250.130","10.200.16.119","SSLv2","1083","Encrypted Data"
"3393","14.437339","74.125.250.130","10.200.16.119","TCP","1084","443  >  53435 [PSH, ACK] Seq=1560913 Ack=239455 Win=1641 Len=1030 [TCP segment of a reassembled PDU]"
"3395","14.446082","74.125.250.130","10.200.16.119","TCP","1084","443  >  53435 [PSH, ACK] Seq=1561943 Ack=239455 Win=1641 Len=1030 [TCP segment of a reassembled PDU]"
"3396","14.450674","74.125.250.130","10.200.16.119","TCP","1084","443  >  53435 [PSH, ACK] Seq=1562973 Ack=239455 Win=1641 Len=1030 [TCP segment of a reassembled PDU]"
"3403","14.490849","74.125.250.130","10.200.16.119","TCP","1245","443  >  53435 [PSH, ACK] Seq=1564073 Ack=240939 Win=1641 Len=1191 [TCP segment of a reassembled PDU]"
"3407","14.498592","74.125.250.130","10.200.16.119","TCP","1245","443  >  53435 [PSH, ACK] Seq=1565264 Ack=242907 Win=1641 Len=1191 [TCP segment of a reassembled PDU]"
"3408","14.498592","74.125.250.130","10.200.16.119","TCP","1245","443  >  53435 [PSH, ACK] Seq=1566455 Ack=242907 Win=1641 Len=1191 [TCP segment of a reassembled PDU]"
"3410","14.504632","74.125.250.130","10.200.16.119","TCP","1245","443  >  53435 [PSH, ACK] Seq=1567646 Ack=242907 Win=1641 Len=1191 [TCP segment of a reassembled PDU]"
"3411","14.510070","74.125.250.130","10.200.16.119","TCP","1245","443  >  53435 [PSH, ACK] Seq=1568837 Ack=242907 Win=1641 Len=1191 [TCP segment of a reassembled PDU]"
"3419","14.554827","74.125.250.130","10.200.16.119","TCP","1081","443  >  53435 [PSH, ACK] Seq=1570094 Ack=244662 Win=1641 Len=1027 [TCP segment of a reassembled PDU]"
"3425","14.564550","74.125.250.130","10.200.16.119","TCP","1466","443  >  53435 [PSH, ACK] Seq=1571193 Ack=244662 Win=1641 Len=1412 [TCP segment of a reassembled PDU]"
"3429","14.565357","74.125.250.130","10.200.16.119","SSLv2","1081","Encrypted Data"
"3430","14.571508","74.125.250.130","10.200.16.119","TCP","1082","443  >  53435 [PSH, ACK] Seq=1574272 Ack=246386 Win=1641 Len=1028 [TCP segment of a reassembled PDU]"
"3436","14.595840","74.125.250.130","10.200.16.119","TCP","1194","443  >  53435 [PSH, ACK] Seq=1575300 Ack=248422 Win=1641 Len=1140 [TCP segment of a reassembled PDU]"
"3437","14.604455","74.125.250.130","10.200.16.119","TCP","1466","443  >  53435 [PSH, ACK] Seq=1576440 Ack=248422 Win=1641 Len=1412 [TCP segment of a reassembled PDU]"
"3439","14.604455","74.125.250.130","10.200.16.119","TCP","1193","443  >  53435 [PSH, ACK] Seq=1578724 Ack=248422 Win=1641 Len=1139 [TCP segment of a reassembled PDU]"
"3442","14.604803","74.125.250.130","10.200.16.119","TCP","1193","443  >  53435 [PSH, ACK] Seq=1579865 Ack=248422 Win=1641 Len=1139 [TCP segment of a reassembled PDU]"
"3447","14.612361","74.125.250.130","10.200.16.119","TCP","1193","443  >  53435 [PSH, ACK] Seq=1581076 Ack=248476 Win=1641 Len=1139 [TCP segment of a reassembled PDU]"
"3454","14.655841","74.125.250.130","10.200.16.119","TCP","1169","443  >  53435 [PSH, ACK] Seq=1582352 Ack=250156 Win=1641 Len=1115 [TCP segment of a reassembled PDU]"
"3458","14.661733","74.125.250.130","10.200.16.119","TCP","1168","443  >  53435 [PSH, ACK] Seq=1583539 Ack=250156 Win=1641 Len=1114 [TCP segment of a reassembled PDU]"
"3461","14.670512","74.125.250.130","10.200.16.119","SSLv2","1168","Encrypted Data"
"3465","14.676165","74.125.250.130","10.200.16.119","TCP","1168","443  >  53435 [PSH, ACK] Seq=1585771 Ack=250206 Win=1641 Len=1114 [TCP segment of a reassembled PDU]"
"3468","14.680285","74.125.250.130","10.200.16.119","TCP","1168","443  >  53435 [PSH, ACK] Seq=1586887 Ack=250206 Win=1641 Len=1114 [TCP segment of a reassembled PDU]"
"3470","14.716349","74.125.250.130","10.200.16.119","TCP","1253","443  >  53435 [PSH, ACK] Seq=1588001 Ack=250206 Win=1641 Len=1199 [TCP segment of a reassembled PDU]"
"3471","14.726246","74.125.250.130","10.200.16.119","TCP","1253","443  >  53435 [PSH, ACK] Seq=1589200 Ack=250206 Win=1641 Len=1199 [TCP segment of a reassembled PDU]"
"3473","14.729549","74.125.250.130","10.200.16.119","TCP","1514","443  >  53435 [ACK] Seq=1590399 Ack=250206 Win=1641 Len=1460 [TCP segment of a reassembled PDU]"
"3484","14.737903","74.125.250.130","10.200.16.119","SSLv2","1252","Encrypted Data"
"3495","14.740545","74.125.250.130","10.200.16.119","TCP","1254","443  >  53435 [PSH, ACK] Seq=1593998 Ack=254643 Win=1641 Len=1200 [TCP segment of a reassembled PDU]"
"3514","14.780296","74.125.250.130","10.200.16.119","SSLv2","1120","Encrypted Data"
"3520","14.785771","74.125.250.130","10.200.16.119","TCP","1070","443  >  53435 [PSH, ACK] Seq=1596342 Ack=275295 Win=2029 Len=1016 [TCP segment of a reassembled PDU]"
"3522","14.791616","74.125.250.130","10.200.16.119","TCP","1071","443  >  53435 [PSH, ACK] Seq=1597358 Ack=275295 Win=2029 Len=1017 [TCP segment of a reassembled PDU]"
"3544","14.832685","74.125.250.130","10.200.16.119","TCP","1114","443  >  53435 [PSH, ACK] Seq=1598451 Ack=287505 Win=2257 Len=1060 [TCP segment of a reassembled PDU]"
"3547","14.836850","74.125.250.130","10.200.16.119","TCP","1114","443  >  53435 [PSH, ACK] Seq=1599513 Ack=287505 Win=2257 Len=1060 [TCP segment of a reassembled PDU]"
"3549","14.841879","74.125.250.130","10.200.16.119","TCP","1117","443  >  53435 [PSH, ACK] Seq=1600573 Ack=287505 Win=2257 Len=1063 [TCP segment of a reassembled PDU]"
"3550","14.846483","74.125.250.130","10.200.16.119","TCP","1466","443  >  53435 [PSH, ACK] Seq=1601636 Ack=287505 Win=2257 Len=1412 [TCP segment of a reassembled PDU]"
"3553","14.848010","74.125.250.130","10.200.16.119","TCP","1117","443  >  53435 [PSH, ACK] Seq=1603762 Ack=287505 Win=2257 Len=1063 [TCP segment of a reassembled PDU]"
"3568","14.876769","74.125.250.130","10.200.16.119","TCP","1012","443  >  53435 [PSH, ACK] Seq=1604903 Ack=294995 Win=2391 Len=958 [TCP segment of a reassembled PDU]"
"3570","14.886053","74.125.250.130","10.200.16.119","TCP","1010","443  >  53435 [PSH, ACK] Seq=1605863 Ack=294995 Win=2391 Len=956 [TCP segment of a reassembled PDU]"
"3572","14.890272","74.125.250.130","10.200.16.119","SSLv2","1013","Encrypted Data"
"3574","14.895400","74.125.250.130","10.200.16.119","TCP","1013","443  >  53435 [PSH, ACK] Seq=1607778 Ack=294995 Win=2391 Len=959 [TCP segment of a reassembled PDU]"
"3581","14.921700","74.125.250.130","10.200.16.119","TCP","1162","443  >  53435 [PSH, ACK] Seq=1608811 Ack=297520 Win=2440 Len=1108 [TCP segment of a reassembled PDU]"
"3582","14.926845","74.125.250.130","10.200.16.119","TCP","1162","443  >  53435 [PSH, ACK] Seq=1609919 Ack=297570 Win=2440 Len=1108 [TCP segment of a reassembled PDU]"
"3588","14.941616","74.125.250.130","10.200.16.119","TCP","1162","443  >  53435 [PSH, ACK] Seq=1611027 Ack=300190 Win=2481 Len=1108 [TCP segment of a reassembled PDU]"
"3589","14.945756","74.125.250.130","10.200.16.119","SSLv2","1466","Encrypted Data"
"3605","14.995535","74.125.250.130","10.200.16.119","TCP","1094","443  >  53435 [PSH, ACK] Seq=1614425 Ack=303149 Win=2526 Len=1040 [TCP segment of a reassembled PDU]"
